ID,Your name:,Your e-mail:
1,John Doe,john.doe@email.com
2,Alice Smith,alice.smith@email.com
3,Bob Smith,bob.smith@email.com
4,Eve Miller,eve.miller@email.com
5,Kim Baker,kim.baker@email.com
6,Michael Johnson,michael.johnson@email.com
7,Emily Davis,emily.davis@email.com
8,David Wilson,david.wilson@email.com
9,Sarah Martinez,sarah.martinez@email.com
10,Jason Thompson,jason.thompson@email.com
11,Ryan Brown,ryan.brown@email.com
12,Lisa Garcia,lisa.garcia@email.com
13,Matthew Lee,matthew.lee@email.com
14,Olivia Hernandez,olivia.hernandez@email.com
15,Jacob Nguyen,jacob.nguyen@email.com
16,Emma Perez,emma.perez@email.com
17,Nathan Taylor,nathan.taylor@email.com
18,Sophia Robinson,sophia.robinson@email.com
19,William Wright,william.wright@email.com
20,Grace Hill,grace.hill@email.com